latitude,longitude,brightness,scan,track,acq_date,acq_time,satellite,instrument,confidence,version,bright_t31,frp,daynight
5.61386,-73.51735,303.71,0.45,0.39,2026-09-20,0618,N20,VIIRS,n,2.0NRT,283.24,3.17,N
5.60814,-73.52715,348.52,0.45,0.39,2026-09-20,0618,N20,VIIRS,n,2.0NRT,287.21,20.4,N
5.61032,-73.51785,331.49,0.45,0.39,2026-09-20,0618,N20,VIIRS,n,2.0NRT,284.75,3.17,N
5.611,-73.52224,330.34,0.45,0.39,2026-09-20,0618,N20,VIIRS,n,2.0NRT,283.09,4.74,N
5.61167,-73.52657,347.9,0.45,0.39,2026-09-20,0618,N20,VIIRS,n,2.0NRT,287.59,4.74,N
5.61455,-73.52181,297.94,0.45,0.39,2026-09-20,0618,N20,VIIRS,n,2.0NRT,283.36,4.74,N
5.61616,-73.50282,367,0.43,0.62,2026-09-20,1902,N20,VIIRS,h,2.0NRT,306.25,34.21,D
5.61971,-73.51894,331.81,0.43,0.62,2026-09-20,1902,N20,VIIRS,n,2.0NRT,301.29,19.73,D
5.62852,-73.49715,367,0.43,0.62,2026-09-20,1902,N20,VIIRS,h,2.0NRT,294.14,48.86,D
5.62811,-73.50009,367,0.43,0.62,2026-09-20,1902,N20,VIIRS,h,2.0NRT,300.68,48.86,D
5.62592,-73.51585,367,0.43,0.62,2026-09-20,1902,N20,VIIRS,h,2.0NRT,303.49,11.05,D
5.62771,-73.50295,345.55,0.43,0.62,2026-09-20,1902,N20,VIIRS,n,2.0NRT,300.01,7.85,D
5.62733,-73.50567,334.79,0.43,0.62,2026-09-20,1902,N20,VIIRS,n,2.0NRT,293.61,7.85,D
5.62699,-73.50813,329.6,0.43,0.62,2026-09-20,1902,N20,VIIRS,n,2.0NRT,292.29,3.47,D
5.62665,-73.5106,328.32,0.43,0.62,2026-09-20,1902,N20,VIIRS,n,2.0NRT,291.19,3.47,D
5.6263,-73.51311,356.38,0.43,0.62,2026-09-20,1902,N20,VIIRS,n,2.0NRT,298.47,11.05,D
5.63324,-73.50483,367,0.43,0.62,2026-09-20,1902,N20,VIIRS,h,2.0NRT,301.44,33.93,D
5.63287,-73.50746,367,0.43,0.62,2026-09-20,1902,N20,VIIRS,h,2.0NRT,293.06,122.72,D
5.63251,-73.51006,367,0.43,0.62,2026-09-20,1902,N20,VIIRS,h,2.0NRT,294.42,122.72,D
5.63473,-73.49414,329.51,0.43,0.62,2026-09-20,1902,N20,VIIRS,n,2.0NRT,276.44,3.12,D
5.63361,-73.50215,344.4,0.43,0.62,2026-09-20,1902,N20,VIIRS,n,2.0NRT,293.63,33.93,D
5.63214,-73.51275,336.41,0.43,0.62,2026-09-20,1902,N20,VIIRS,n,2.0NRT,304.41,64.22,D
5.64054,-73.49402,326.83,0.43,0.62,2026-09-20,1902,N20,VIIRS,n,2.0NRT,285.14,3.12,D
5.64017,-73.49666,326.22,0.43,0.62,2026-09-20,1902,N20,VIIRS,n,2.0NRT,287.17,7.86,D
5.63947,-73.50166,326.65,0.43,0.62,2026-09-20,1902,N20,VIIRS,n,2.0NRT,282.92,33.93,D
5.63797,-73.51248,340.09,0.43,0.62,2026-09-20,1902,N20,VIIRS,n,2.0NRT,287.03,64.22,D
5.63912,-73.50421,356.08,0.43,0.62,2026-09-20,1902,N20,VIIRS,l,2.0NRT,288.24,33.93,D
5.63836,-73.50962,280.66,0.43,0.62,2026-09-20,1902,N20,VIIRS,l,2.0NRT,308.13,122.72,D
5.61019,-73.50414,367,0.43,0.62,2026-09-20,1902,N20,VIIRS,h,2.0NRT,298.31,34.21,D
5.6093,-73.51054,367,0.43,0.62,2026-09-20,1902,N20,VIIRS,h,2.0NRT,306.15,23.8,D
5.60973,-73.50743,355.45,0.43,0.62,2026-09-20,1902,N20,VIIRS,n,2.0NRT,306.86,23.8,D
5.60889,-73.51354,355.8,0.43,0.62,2026-09-20,1902,N20,VIIRS,n,2.0NRT,308.05,14.78,D
5.60849,-73.51647,332.13,0.43,0.62,2026-09-20,1902,N20,VIIRS,n,2.0NRT,299.05,14.78,D
5.61716,-73.49554,341.58,0.43,0.62,2026-09-20,1902,N20,VIIRS,n,2.0NRT,292.79,24.15,D
5.61665,-73.49924,354.71,0.43,0.62,2026-09-20,1902,N20,VIIRS,n,2.0NRT,307.12,24.15,D
5.61574,-73.50581,353.45,0.43,0.62,2026-09-20,1902,N20,VIIRS,n,2.0NRT,310.35,34.21,D
5.61536,-73.50858,342.4,0.43,0.62,2026-09-20,1902,N20,VIIRS,n,2.0NRT,306.75,23.8,D
5.61499,-73.51125,338.84,0.43,0.62,2026-09-20,1902,N20,VIIRS,n,2.0NRT,307.33,23.8,D
5.61461,-73.514,331.09,0.43,0.62,2026-09-20,1902,N20,VIIRS,n,2.0NRT,304.77,14.78,D
5.62316,-73.49405,367,0.43,0.62,2026-09-20,1902,N20,VIIRS,h,2.0NRT,302.44,72.6,D
5.62222,-73.50079,352.28,0.43,0.62,2026-09-20,1902,N20,VIIRS,n,2.0NRT,316.88,48.86,D
5.62179,-73.50388,336.51,0.43,0.62,2026-09-20,1902,N20,VIIRS,n,2.0NRT,299.16,7.85,D
5.62145,-73.50633,331.43,0.43,0.62,2026-09-20,1902,N20,VIIRS,n,2.0NRT,293.05,7.85,D
5.62113,-73.50868,330.78,0.43,0.62,2026-09-20,1902,N20,VIIRS,n,2.0NRT,296.38,3.47,D
5.6208,-73.51108,330.59,0.43,0.62,2026-09-20,1902,N20,VIIRS,l,2.0NRT,300.7,3.47,D
5.62045,-73.51359,328.43,0.43,0.62,2026-09-20,1902,N20,VIIRS,n,2.0NRT,300.07,11.05,D
5.62009,-73.5162,354.03,0.43,0.62,2026-09-20,1902,N20,VIIRS,n,2.0NRT,302.17,11.05,D
5.61107,-73.50897,338.48,0.58,0.52,2026-09-21,0557,N20,VIIRS,n,2.0NRT,265.56,3.84,N
5.60643,-73.5107,328.53,0.58,0.52,2026-09-21,0557,N20,VIIRS,n,2.0NRT,263.75,4.41,N
5.60731,-73.51688,307.74,0.58,0.52,2026-09-21,0557,N20,VIIRS,n,2.0NRT,264.91,4.41,N
5.60827,-73.52366,333.8,0.58,0.52,2026-09-21,0557,N20,VIIRS,n,2.0NRT,266.29,5.8,N
5.61578,-73.50772,301.75,0.58,0.52,2026-09-21,0557,N20,VIIRS,n,2.0NRT,265.05,3.84,N
5.6001,-73.5058,330.01,0.61,0.71,2026-09-22,0540,N20,VIIRS,n,2.0NRT,282.78,5.68,N
5.60275,-73.52459,298.31,0.62,0.71,2026-09-22,0540,N20,VIIRS,n,2.0NRT,278.92,4.63,N
5.60078,-73.51063,318.12,0.62,0.71,2026-09-22,0540,N20,VIIRS,n,2.0NRT,280.77,6.61,N
5.61176,-73.49989,332.63,0.62,0.71,2026-09-22,0540,N20,VIIRS,n,2.0NRT,280.49,4.87,N
5.61241,-73.50475,307.38,0.62,0.71,2026-09-22,0540,N20,VIIRS,n,2.0NRT,278.47,4.87,N
5.61119,-73.49576,318.06,0.61,0.71,2026-09-22,0540,N20,VIIRS,n,2.0NRT,280.64,5.96,N
5.60507,-73.49984,312.36,0.61,0.71,2026-09-22,0540,N20,VIIRS,n,2.0NRT,281.74,6.39,N
5.60106,-73.51974,331.68,0.62,0.71,2026-09-22,0540,N20,VIIRS,n,2.0NRT,280.45,7.86,N
5.59951,-73.50815,336.27,0.62,0.71,2026-09-22,0540,N20,VIIRS,n,2.0NRT,282.86,7.1,N
5.60019,-73.51324,315.12,0.62,0.71,2026-09-22,0540,N20,VIIRS,n,2.0NRT,280.88,7.1,N
5.61233,-73.49792,330.26,0.61,0.71,2026-09-22,0540,N20,VIIRS,n,2.0NRT,281.04,4.6,N
5.61297,-73.5024,316.94,0.62,0.71,2026-09-22,0540,N20,VIIRS,n,2.0NRT,278.83,5.07,N
5.61175,-73.49382,303.26,0.61,0.71,2026-09-22,0540,N20,VIIRS,n,2.0NRT,280.3,4.6,N
5.60564,-73.49776,316.09,0.61,0.71,2026-09-22,0540,N20,VIIRS,n,2.0NRT,281.67,5.68,N
5.60162,-73.51656,331.94,0.62,0.71,2026-09-22,0540,N20,VIIRS,n,2.0NRT,281.18,6.61,N
5.62961,-73.49648,297.88,0.7,0.75,2026-09-22,0720,N20,VIIRS,n,2.0NRT,277.07,2.37,N
